#{"t_start": 1607277575.7263381, "env_id": "BipedalWalker-v3"}
r,l,t
-98.806473,91,9.585784
-99.642698,84,9.62929
-101.897683,113,9.682033
-102.940086,59,9.709342
-100.801879,82,9.746881
-82.287515,1600,10.402284
-101.546415,64,10.429088
-110.15027,44,10.452939
-111.79445,59,10.507611
-87.594904,1600,11.258273
-111.007489,51,11.281814
